time,seconds_elapsed_acc,z_acc,y_acc,x_acc,seconds_elapsed_gyro,z_gyro,y_gyro,x_gyro
1772846264714849000,0.25384912109375,-0.0407562255859375,0.0065235793590545,-0.003402829170227,0.245535400390625,0.0003054326225537,-0.0006108652451075,0.0003054326225537
1772846264731492000,0.2704921875,-0.0357513427734375,0.0045435428619384,-0.0020318031311035,0.278778564453125,0.0,-0.0001527163112768,-0.0004581489483825
1772846264748086800,0.287086669921875,-0.0309324264526367,0.0042645037174224,0.0015817284584045,0.278778564453125,0.0,-0.0001527163112768,-0.0004581489483825
1772846264764705500,0.30370556640625,-0.0371828079223632,-0.0037446618080139,0.0040070712566375,0.29539697265625,-0.0004581489483825,0.0006108652451075,-0.0004581489483825
1772846264781312000,0.32031201171875,-0.0410537719726562,0.0002263188362121,-0.0015462040901184,0.3120146484375,-0.0006108652451075,0.0,0.0
1772846264797942500,0.336942626953125,-0.0405035018920898,0.0008819103240966,-0.0006479918956756,0.345251220703125,0.0003054326225537,0.0001527163112768,-0.0006108652451075
1772846264814561000,0.35356103515625,-0.0386304855346679,-0.0001103579998016,0.0024643838405609,0.36187060546875,0.0003054326225537,0.0003054326225537,0.0001527163112768
1772846264831178800,0.3701787109375,-0.0354270935058593,0.0037474036216735,0.0039606392383575,0.3784853515625,0.0003054326225537,-0.0009162978967651,0.0003054326225537
1772846264847797800,0.3867978515625,-0.0385160446166992,0.0014184117317199,0.0012729167938232,0.39510791015625,0.0003054326225537,0.0003054326225537,0.0001527163112768
1772846264864403000,0.40340283203125,-0.0423974990844726,-0.004128873348236,0.0037356317043304,0.39510791015625,0.0003054326225537,0.0003054326225537,0.0001527163112768
1772846264881021000,0.42002099609375,-0.0429849624633789,0.0002362132072448,-0.0011389255523681,0.411724365234375,0.0003054326225537,-0.0006108652451075,-0.0006108652451075
1772846264897661200,0.4366611328125,-0.0372276306152343,0.0020391941070556,0.0003499090671539,0.44496142578125,0.0003054326225537,-0.00167987938039,-0.0009162978967651
1772846264914269400,0.45326953125,-0.0410699844360351,0.005289077758789,-0.0036323368549346,0.44496142578125,0.0003054326225537,-0.00167987938039,-0.0009162978967651
1772846264930889000,0.469888916015625,-0.0398645401000976,0.0017683804035186,0.0015783011913299,0.461578125,0.0,-0.0001527163112768,0.0003054326225537
1772846264947507500,0.486507568359375,-0.0333452224731445,-0.0017404556274414,-0.0022923946380615,0.478201171875,-0.0004581489483825,0.0001527163112768,0.0001527163112768
1772846264964113200,0.503113037109375,-0.0346393585205078,-0.0023577511310577,-0.002941220998764,0.494817626953125,0.0003054326225537,-0.0004581489483825,0.0003054326225537
1772846264980732000,0.51973193359375,-0.0406818389892578,0.0005415380001068,-0.001299500465393,0.511432861328125,0.0001527163112768,-0.0006108652451075,-0.0006108652451075
1772846264997349400,0.536349365234375,-0.042734146118164,-0.0001590251922607,0.0018741786479949,0.52805419921875,0.0,-0.0003054326225537,0.0
1772846265013981400,0.5529814453125,-0.0378484725952148,-0.0013971924781799,0.0022484362125396,0.561287109375,-0.0004581489483825,-0.0009162978967651,-0.00137444678694
1772846265030597000,0.56959716796875,-0.0411691665649414,-0.0032661259174346,0.0004777908325195,0.561287109375,-0.0004581489483825,-0.0009162978967651,-0.00137444678694
1772846265047218200,0.58621826171875,-0.0387496948242187,-0.0036080181598663,-0.0009260177612304,0.577912353515625,0.0,-0.0004581489483825,0.0001527163112768
1772846265063844600,0.6028447265625,-0.0383796691894531,0.0004675090312957,0.0018264353275299,0.611141845703125,-0.0004581489483825,-0.0004581489483825,-0.0006108652451075
1772846265080438000,0.61943798828125,-0.0371885299682617,0.0028693377971649,-0.0007454454898834,0.611141845703125,-0.0004581489483825,-0.0004581489483825,-0.0006108652451075
1772846265097059300,0.636059326171875,-0.0352210998535156,0.0054652988910675,0.0036243498325347,0.62775048828125,-0.0007635815418325,-0.0006108652451075,0.0003054326225537
1772846265113678600,0.6526787109375,-0.0378475189208984,0.0007228851318359,-0.0016266107559204,0.66098779296875,-0.0004581489483825,0.0001527163112768,0.0001527163112768
1772846265130296300,0.66929638671875,-0.028334617614746,-0.0005950033664703,0.0005031526088714,0.66098779296875,-0.0004581489483825,0.0001527163112768,0.0001527163112768
1772846265146914800,0.685914794921875,-0.0408706665039062,0.0007891952991485,0.0020079910755157,0.677605224609375,0.0001527163112768,-0.0003054326225537,0.0009162978967651
1772846265163533000,0.702532958984375,-0.0357837677001953,0.0010341107845306,-0.0008015632629394,0.71082666015625,0.0001527163112768,0.0001527163112768,0.0009162978967651
1772846265180143900,0.719143798828125,-0.0320863723754882,-6.21676445007e-05,-0.0011166632175445,0.71082666015625,0.0001527163112768,0.0001527163112768,0.0009162978967651
1772846265196776400,0.7357763671875,-0.03851318359375,0.0003185272216796,-0.0041614472866058,0.727461669921875,-0.0007635815418325,0.0003054326225537,0.0001527163112768
1772846265213404700,0.75240478515625,-0.0406246185302734,-0.000765174627304,9.17017459869e-05,0.760711669921875,0.0003054326225537,0.0001527163112768,0.0003054326225537
1772846265230017500,0.769017578125,-0.040938377380371,0.0055696964263916,0.0013691484928131,0.760711669921875,0.0003054326225537,0.0001527163112768,0.0003054326225537
1772846265246635300,0.78563525390625,-0.036442756652832,0.0046455264091491,-0.0008393824100494,0.77732958984375,0.0004581489483825,-0.0006108652451075,0.0001527163112768
1772846265263246300,0.802246337890625,-0.033970832824707,0.0015555322170257,0.0030425488948822,0.793948486328125,0.0,0.0001527163112768,0.0003054326225537
1772846265279875300,0.818875244140625,-0.0335969924926757,-0.0018233656883239,-0.0004098415374755,0.827182861328125,0.0,0.0007635815418325,0.0001527163112768
1772846265296492000,0.835491943359375,-0.0376005172729492,0.0057443082332611,-0.0119416415691375,0.843794677734375,0.0,-0.0006108652451075,0.0003054326225537
1772846265313112000,0.852112060546875,-0.0352859497070312,-0.0023558139801025,0.0054178833961486,0.860422119140625,0.0003054326225537,0.0001527163112768,0.0001527163112768
1772846265329729500,0.8687294921875,-0.036722183227539,0.0062804222106933,-0.0018616616725921,0.860422119140625,0.0003054326225537,0.0001527163112768,0.0001527163112768
1772846265346347800,0.88534765625,-0.0328826904296875,-0.005329817533493,0.0046132206916809,0.8770458984375,0.0,-0.0006108652451075,0.0003054326225537
1772846265362954000,0.9019541015625,-0.0305128097534179,-0.0040433704853057,0.0019726753234863,0.89365673828125,0.0003054326225537,-0.0001527163112768,-0.0007635815418325
1772846265379585000,0.9185849609375,-0.0371437072753906,0.0031279623508453,-0.007135659456253,0.910275146484375,-0.0004581489483825,-0.0006108652451075,0.0001527163112768
1772846265396203800,0.935203857421875,-0.0358657836914062,0.0043696165084838,-0.0061812698841094,0.926895263671875,-0.0007635815418325,-0.0001527163112768,-0.00167987938039
1772846265412822000,0.951822021484375,-0.0467157363891601,-0.0012097954750061,-0.0048601627349853,0.960123046875,-0.0004581489483825,0.0003054326225537,0.0
1772846265429440000,0.96843994140625,-0.0407257080078125,-0.0009239017963409,-0.0069981217384338,0.976756103515625,0.0001527163112768,-0.0006108652451075,-0.0006108652451075
1772846265446058200,0.985058349609375,-0.0386848449707031,-0.0031991302967071,-0.0021702945232391,0.976756103515625,0.0001527163112768,-0.0006108652451075,-0.0006108652451075
1772846265462664700,1.001664794921875,-0.0401611328125,0.0063261687755584,-0.0036608576774597,0.99336865234375,0.0010690141934901,0.0001527163112768,-0.0004581489483825
1772846265479293200,1.018293212890625,-0.040872573852539,0.0007451772689819,-0.0004380643367767,1.009986083984375,0.0003054326225537,0.0003054326225537,-0.0001527163112768
1772846265495914200,1.034914306640625,-0.0398406982421875,-0.0011252760887145,-0.0010994374752044,1.04322314453125,0.0003054326225537,0.0006108652451075,0.0001527163112768
1772846265512532000,1.051531982421875,-0.0385475158691406,0.0077890157699584,-0.0011540949344635,1.04322314453125,0.0003054326225537,0.0006108652451075,0.0001527163112768
1772846265529150500,1.068150390625,-0.0360746383666992,-0.00189670920372,1.25467777252e-05,1.05984423828125,0.0003054326225537,0.0003054326225537,-0.0007635815418325
1772846265545768000,1.084767822265625,-0.0379772186279296,-0.0004820823669433,-0.0038847625255584,1.0930771484375,0.0,0.0009162978967651,0.0
1772846265562387200,1.10138720703125,-0.0371246337890625,-0.0061012506484985,-0.002593457698822,1.1096796875,-0.0004581489483825,-0.0007635815418325,-0.0004581489483825
1772846265578989000,1.117989013671875,-0.0399208068847656,0.0047484040260314,-0.0012810826301574,1.1096796875,-0.0004581489483825,-0.0007635815418325,-0.0004581489483825
1772846265595611100,1.134611083984375,-0.0333576202392578,0.0027732253074645,0.005943477153778,1.14291943359375,0.0001527163112768,0.0,0.0009162978967651
1772846265612229000,1.15122900390625,-0.035292625427246,-0.0068220198154449,0.0051869750022888,1.14291943359375,0.0001527163112768,0.0,0.0009162978967651
1772846265628847400,1.167847412109375,-0.0360698699951171,-0.0030624270439147,-0.0012105703353881,1.1595390625,0.0003054326225537,0.0001527163112768,0.0003054326225537
1772846265645469000,1.184468994140625,-0.0339126586914062,-0.0025368332862854,-0.0021417140960693,1.192775634765625,-0.0004581489483825,-0.0007635815418325,0.0006108652451075
1772846265662079200,1.201079345703125,-0.0382976531982421,0.0045410096645355,0.0011144280433654,1.192775634765625,-0.0004581489483825,-0.0007635815418325,0.0006108652451075
1772846265678700000,1.217699951171875,-0.0342483520507812,0.0027422308921813,-0.0076062679290771,1.209391845703125,0.0,0.0010690141934901,-0.0001527163112768
1772846265695339300,1.23433935546875,-0.0383491516113281,-0.0033804178237915,0.0037944614887237,1.242642822265625,-0.0003054326225537,0.0012217304902151,-0.0007635815418325
1772846265711952100,1.2509521484375,-0.038313865661621,0.0033836066722869,0.0009654760360717,1.242642822265625,-0.0003054326225537,0.0012217304902151,-0.0007635815418325
1772846265728570400,1.2675703125,-0.0430212020874023,0.0032664537429809,0.0063552856445312,1.2592626953125,0.0003054326225537,0.0,0.0003054326225537
1772846265745187300,1.284187255859375,-0.0401630401611328,0.0054758191108703,-0.0016544759273529,1.275882568359375,0.0003054326225537,0.0,0.0001527163112768
1772846265761815600,1.300815673828125,-0.0363225936889648,0.0017630159854888,-0.0041514635086059,1.30911572265625,0.0003054326225537,-0.00137444678694,0.0006108652451075
1772846265778412500,1.31741259765625,-0.0357465744018554,0.00284144282341,-0.0057455897331237,1.30911572265625,0.0003054326225537,-0.00137444678694,0.0006108652451075
1772846265795044000,1.334044189453125,-0.0327367782592773,-0.0027657449245452,0.0020458996295928,1.325736083984375,0.0003054326225537,-0.0009162978967651,0.0003054326225537
1772846265811663000,1.3506630859375,-0.0363492965698242,-0.0037123262882232,0.0054057538509368,1.358962646484375,-0.0001527163112768,0.0001527163112768,0.0003054326225537
1772846265828267500,1.367267578125,-0.0351057052612304,-0.0009108781814575,0.0007742345333099,1.358962646484375,-0.0001527163112768,0.0001527163112768,0.0003054326225537
1772846265844899000,1.383899169921875,-0.0360536575317382,0.0005561411380767,0.0002094507217407,1.37559375,0.0,0.0001527163112768,0.0009162978967651
1772846265861506300,1.40050634765625,-0.0368499755859375,0.0018872618675231,-0.0010922849178314,1.392208984375,0.0,0.0004581489483825,0.0003054326225537
1772846265878135800,1.4171357421875,-0.0317678451538085,-0.0019575059413909,-5.18560409545e-05,1.425445556640625,0.0001527163112768,0.0003054326225537,-0.0010690141934901
1772846265894756000,1.433756103515625,-0.0373315811157226,0.003412127494812,-0.0039746463298797,1.44206396484375,0.0001527163112768,-0.0001527163112768,0.0003054326225537
1772846265911371000,1.45037109375,-0.0370378494262695,-0.0016320645809173,-0.0022982954978942,1.44206396484375,0.0001527163112768,-0.0001527163112768,0.0003054326225537
1772846265927988700,1.46698876953125,-0.032928466796875,0.0045419037342071,-0.0053090751171112,1.4586884765625,0.0009162978967651,0.0007635815418325,0.0009162978967651
1772846265944609500,1.483609619140625,-0.0334434509277343,0.0014757812023162,-0.0028667747974395,1.49191943359375,0.0,0.0,-0.0006108652451075
1772846265961215000,1.500215087890625,-0.0398578643798828,-0.0029999315738677,-0.0025517046451568,1.49191943359375,0.0,0.0,-0.0006108652451075
1772846265977846300,1.51684619140625,-0.0426130294799804,0.000432014465332,-0.0002271234989166,1.52515576171875,0.0003054326225537,0.0001527163112768,0.0004581489483825
1772846265994468900,1.53346875,-0.0407571792602539,0.0038218200206756,0.0012556910514831,1.541773681640625,0.0,-0.0004581489483825,-0.0001527163112768
1772846266011077000,1.5500771484375,-0.0357618331909179,0.0015245378017425,0.0003853738307952,1.541773681640625,0.0,-0.0004581489483825,-0.0001527163112768
1772846266027701000,1.566700927734375,-0.0431289672851562,0.0011171698570251,-0.0008464157581329,1.55839208984375,0.0,0.0003054326225537,0.0001527163112768
1772846266044319200,1.5833193359375,-0.0431089401245117,0.0010683536529541,-0.0011448562145233,1.5750107421875,0.0,0.0,-0.0004581489483825
1772846266060921900,1.599921875,-0.0460329055786132,0.0010150372982025,0.0039679408073425,1.591629638671875,0.0003054326225537,-0.0001527163112768,0.0003054326225537
1772846266077543000,1.61654296875,-0.03656005859375,0.0069643557071685,0.0036537647247314,1.624852783203125,-0.0007635815418325,0.0003054326225537,0.0001527163112768
1772846266094161700,1.63316162109375,-0.036264419555664,0.0059693753719329,-0.003244012594223,1.6414677734375,0.0,-0.0003054326225537,0.0003054326225537
1772846266110780000,1.64977978515625,-0.0368671417236328,0.0047494173049926,-0.0013908147811889,1.658091552734375,0.0,0.0,-0.0001527163112768
1772846266127398100,1.666398193359375,-0.034036636352539,0.0038620829582214,2.11298465728e-05,1.658091552734375,0.0,0.0,-0.0001527163112768
1772846266144016400,1.683016357421875,-0.0365362167358398,-0.001504898071289,0.0007770955562591,1.691325927734375,0.0,-0.0001527163112768,0.0001527163112768
1772846266160625700,1.699625732421875,-0.0380525588989257,0.0017580091953277,0.0019863843917846,1.691325927734375,0.0,-0.0001527163112768,0.0001527163112768
1772846266177253600,1.716253662109375,-0.0353565216064453,-0.0029912590980529,-0.001787781715393,1.707944091796875,0.0003054326225537,0.0004581489483825,0.0001527163112768
1772846266193887000,1.732886962890625,-0.0442104339599609,-0.0007207095623016,-0.0002058148384094,1.741193603515625,0.0001527163112768,0.0001527163112768,-0.0001527163112768
1772846266210509800,1.749509765625,-0.0362873077392578,0.0037298798561096,0.0048009157180786,1.75781298828125,0.0003054326225537,0.0,-0.0004581489483825
1772846266227108900,1.76610888671875,-0.0350866317749023,-0.0043694674968719,-0.0002512633800506,1.75781298828125,0.0003054326225537,0.0,-0.0004581489483825
1772846266243739400,1.782739501953125,-0.0436830520629882,-0.0010770261287689,-0.0033017694950103,1.774430908203125,0.0003054326225537,0.0003054326225537,0.0012217304902151
1772846266260333300,1.799333251953125,-0.035079002380371,0.0022306740283966,0.0043016672134399,1.791048095703125,0.0001527163112768,0.0,0.0009162978967651
1772846266276976600,1.8159765625,-0.0360469818115234,0.0068674981594085,0.0019798874855041,1.824286376953125,0.0003054326225537,0.0,-0.0006108652451075
1772846266293594400,1.832594482421875,-0.0357036590576171,0.0029040873050689,-0.0006621479988098,1.824286376953125,0.0003054326225537,0.0,-0.0006108652451075
1772846266310212400,1.84921240234375,-0.032729148864746,-0.0010604262351989,2.82526016235e-05,1.84090380859375,0.0001527163112768,-0.0004581489483825,-0.0009162978967651
1772846266326819300,1.8658193359375,-0.0322780609130859,0.0034354925155639,0.0002400279045104,1.857523681640625,-0.0009162978967651,0.0001527163112768,0.0007635815418325
1772846266343449900,1.882449951171875,-0.0333490371704101,0.0018093883991241,0.0031315088272094,1.874140625,0.0003054326225537,-0.0004581489483825,-0.0003054326225537
1772846266360049400,1.89904931640625,-0.0445575714111328,0.0039025247097015,-0.0034086108207702,1.89075927734375,-0.0009162978967651,0.0001527163112768,-0.0004581489483825
1772846266376686000,1.91568603515625,-0.0421915054321289,0.0064863562583923,0.0025878548622131,1.907377685546875,0.0001527163112768,0.0,0.0001527163112768
1772846266393302500,1.932302490234375,-0.0458936691284179,0.0016810894012451,-0.0034345686435699,1.923995361328125,0.0001527163112768,0.0007635815418325,-0.0001527163112768
1772846266409926400,1.948926513671875,-0.0383377075195312,0.0008091330528259,0.0025323331356048,1.9572314453125,0.0003054326225537,0.0001527163112768,-0.00137444678694
1772846266426528500,1.965528564453125,-0.0302009582519531,0.0008047223091125,0.001762568950653,1.9572314453125,0.0003054326225537,0.0001527163112768,-0.00137444678694
1772846266443156000,1.982156005859375,-0.0330276489257812,-0.0020779073238372,0.0001557767391204,1.9738505859375,0.0001527163112768,0.00137444678694,0.0
1772846266459767600,1.998767578125,-0.0345945358276367,0.0044136643409729,0.003303587436676,1.990469970703125,0.0001527163112768,0.0003054326225537,0.0001527163112768
1772846266476383700,2.0153837890625,-0.0377473831176757,0.0003571808338165,0.0009579360485076,2.007086669921875,0.0003054326225537,0.0003054326225537,-0.0007635815418325
1772846266493015600,2.032015625,-0.0335159301757812,0.0037377476692199,9.88543033599e-05,2.040322021484375,-0.0001527163112768,-0.0006108652451075,0.0
1772846266509651700,2.048651611328125,-0.039372444152832,-0.0026696026325225,0.0033786296844482,2.056946044921875,-0.0001527163112768,0.0003054326225537,0.0
1772846266526260500,2.065260498046875,-0.0396070480346679,0.0045779645442962,-0.0031569600105285,2.073561279296875,-0.0009162978967651,0.0001527163112768,-0.0006108652451075
1772846266542870300,2.081870361328125,-0.0432138442993164,0.0005677342414855,-0.002350777387619,2.073561279296875,-0.0009162978967651,0.0001527163112768,-0.0006108652451075
1772846266559471900,2.098471923828125,-0.041975975036621,-9.95695590972e-05,-0.0022746622562408,2.090179443359375,-0.0006108652451075,-0.0006108652451075,0.0004581489483825
1772846266576091400,2.11509130859375,-0.0370779037475585,0.0009467303752899,-0.0022509098052978,2.106779541015625,0.0003054326225537,0.0010690141934901,0.0004581489483825
1772846266592715300,2.13171533203125,-0.0352039337158203,-2.76267528533e-05,-0.0053150653839111,2.140020751953125,0.0003054326225537,-0.0001527163112768,-0.0004581489483825
1772846266609330000,2.148329833984375,-0.0371971130371093,0.0050231516361236,-4.61935997e-06,2.140020751953125,0.0003054326225537,-0.0001527163112768,-0.0004581489483825
1772846266625938200,2.164938232421875,-0.0363588333129882,0.0016305148601531,-0.0015194416046142,2.15664013671875,0.0003054326225537,0.0012217304902151,0.0006108652451075
1772846266642567400,2.1815673828125,-0.0391550064086914,-0.0035679340362548,0.0018571317195892,2.173258056640625,-0.0009162978967651,0.0001527163112768,0.0007635815418325
1772846266659185400,2.198185302734375,-0.0431480407714843,0.0003629922866821,0.0018094778060913,2.189877197265625,-0.0006108652451075,0.0003054326225537,-0.0006108652451075
1772846266675820000,2.214820068359375,-0.0331926345825195,-0.0019575655460357,0.000698834657669,2.223135986328125,-0.0007635815418325,0.0003054326225537,0.0012217304902151
1772846266692434000,2.231433837890625,-0.0404586791992187,0.0023077130317687,-0.0005642175674438,2.223135986328125,-0.0007635815418325,0.0003054326225537,0.0012217304902151
1772846266709052000,2.248052001953125,-0.0404205322265625,-0.0016855299472808,-0.0007611811161041,2.239741943359375,-0.0004581489483825,0.0003054326225537,-0.0009162978967651
1772846266725675000,2.264675048828125,-0.0386257171630859,0.0035510063171386,0.0033216178417205,2.272981201171875,0.0003054326225537,-0.0004581489483825,0.0001527163112768
1772846266742277400,2.28127734375,-0.0365715026855468,0.0072652101516723,-0.0089907348155975,2.272981201171875,0.0003054326225537,-0.0004581489483825,0.0001527163112768
1772846266758895900,2.297895751953125,-0.0362625122070312,0.0007970929145812,-0.0003285706043243,2.289600341796875,-0.0004581489483825,-0.0009162978967651,-0.0001527163112768
1772846266775527200,2.314527099609375,-0.0321502685546875,0.0021533966064453,-0.0007447302341461,2.306218017578125,0.0,0.0003054326225537,-0.0004581489483825
1772846266792150300,2.331150390625,-0.0321779251098632,-0.0016995668411254,-0.0008168518543243,2.339453857421875,0.0001527163112768,-0.0001527163112768,0.0004581489483825
1772846266808759300,2.34775927734375,-0.0443716049194335,-0.0023266971111297,0.0019978880882263,2.339453857421875,0.0001527163112768,-0.0001527163112768,0.0004581489483825
1772846266825368800,2.364368896484375,-0.042149543762207,-0.0012694895267486,-0.0003845393657684,2.35607373046875,-0.0001527163112768,0.0001527163112768,-0.0001527163112768
1772846266842020400,2.381020263671875,-0.0418205261230468,-0.0006563067436218,-0.0007556676864624,2.389310302734375,-0.0007635815418325,-0.00137444678694,0.0007635815418325
1772846266858605800,2.397605712890625,-0.0388479232788085,0.0022975504398345,0.0003242492675781,2.389310302734375,-0.0007635815418325,-0.00137444678694,0.0007635815418325
1772846266875236900,2.41423681640625,-0.034341812133789,0.0020118653774261,-0.0018811523914337,2.405927734375,0.0003054326225537,-0.0003054326225537,0.0003054326225537
1772846266891851000,2.43085107421875,-0.0464897155761718,0.0003045797348022,0.0007229149341583,2.422546630859375,0.0,-0.0003054326225537,0.0003054326225537
1772846266908477200,2.447477294921875,-0.0406961441040039,-0.0051591098308563,0.0015070736408233,2.455784423828125,-0.0004581489483825,0.0003054326225537,0.0003054326225537
1772846266925089000,2.464089111328125,-0.0357532501220703,-0.0018674433231353,-0.0005332231521606,2.455784423828125,-0.0004581489483825,0.0003054326225537,0.0003054326225537
1772846266941710600,2.480710693359375,-0.0367918014526367,-0.0014212727546691,0.0033034682273864,2.489018798828125,0.0001527163112768,0.0003054326225537,-0.0009162978967651
1772846266958325200,2.4973251953125,-0.0410070419311523,-0.0046985745429992,0.0009453296661376,2.489018798828125,0.0001527163112768,0.0003054326225537,-0.0009162978967651
1772846266974947000,2.513947021484375,-0.0387191772460937,-0.0028709769248962,0.0024254322052001,2.505638427734375,0.0001527163112768,-0.0001527163112768,0.0
1772846266991562500,2.5305625,-0.0401573181152343,0.0043842196464538,0.0050143301486968,2.522257080078125,0.0001527163112768,0.0003054326225537,-0.0001527163112768
1772846267008187400,2.5471875,-0.0385866165161132,0.0032592713832855,0.0031162500381469,2.555493896484375,0.0003054326225537,0.0003054326225537,-0.0004581489483825
1772846267024791000,2.563791015625,-0.0360689163208007,-0.0027111172676086,0.0040662288665771,2.555493896484375,0.0003054326225537,0.0003054326225537,-0.0004581489483825
1772846267041400000,2.580400146484375,-0.0379667282104492,-0.0025274157524108,8.63969326019e-05,2.572112548828125,0.0003054326225537,0.0003054326225537,0.0009162978967651
1772846267058025200,2.597025146484375,-0.041177749633789,-0.0036199390888214,0.0053357481956481,2.588727783203125,0.0001527163112768,-0.0009162978967651,-0.0007635815418325
1772846267074643700,2.613643798828125,-0.0463790893554687,0.0002785623073577,0.0012736320495605,2.6053349609375,0.0001527163112768,-0.0006108652451075,0.0003054326225537
1772846267091260400,2.630260498046875,-0.039529800415039,-0.0049189627170562,0.000632107257843,2.62195361328125,0.0,-0.0006108652451075,-0.0004581489483825
1772846267107883500,2.646883544921875,-0.041412353515625,0.0013748705387115,-0.003463327884674,2.655182861328125,-0.0001527163112768,0.0,-0.0006108652451075
1772846267124499200,2.663499267578125,-0.041050910949707,0.0011816024780273,-0.0012159645557403,2.67180810546875,0.0001527163112768,0.0001527163112768,0.0
1772846267141117700,2.68011767578125,-0.0387229919433593,1.63912773132e-05,0.0072035789489746,2.68842529296875,0.0007635815418325,0.0001527163112768,-0.0007635815418325
1772846267157736400,2.696736328125,-0.0401535034179687,0.0010797083377838,-0.0014190673828125,2.68842529296875,0.0007635815418325,0.0001527163112768,-0.0007635815418325
1772846267174370300,2.713370361328125,-0.0403699874877929,-0.001688539981842,-0.0020734667778015,2.721677001953125,-0.0009162978967651,-0.0004581489483825,0.0007635815418325
1772846267190983000,2.72998291015625,-0.0374784469604492,-0.0015009045600891,0.0012893080711364,2.721677001953125,-0.0009162978967651,-0.0004581489483825,0.0007635815418325
1772846267207605000,2.74660498046875,-0.0381803512573242,0.0019001066684722,-0.0034520626068115,2.754909912109375,0.0001527163112768,0.0009162978967651,0.0010690141934901
1772846267224210000,2.7632099609375,-0.0382871627807617,-0.0017335712909698,0.0017374753952026,2.754909912109375,0.0001527163112768,0.0009162978967651,0.0010690141934901
1772846267240840700,2.7798408203125,-0.0371646881103515,0.0018458664417266,-0.000406414270401,2.771533935546875,0.0003054326225537,0.0,0.0003054326225537
1772846267257459200,2.796459228515625,-0.0392694473266601,-0.0028609335422515,-0.0006781816482543,2.78815087890625,0.0001527163112768,0.0003054326225537,-0.0001527163112768
1772846267274076000,2.813075927734375,-0.0384483337402343,0.0004517436027526,-0.0006258785724639,2.804768310546875,-0.0007635815418325,0.0004581489483825,0.0010690141934901
1772846267290698500,2.829698486328125,-0.0423831939697265,0.0039351880550384,0.0052623152732849,2.838004638671875,0.0,0.0009162978967651,-0.0001527163112768
1772846267307319000,2.846319091796875,-0.0371294021606445,-0.0043068528175354,0.0102488100528717,2.85462451171875,0.0003054326225537,-0.0004581489483825,-0.0007635815418325
1772846267323921400,2.86292138671875,-0.0410423278808593,-0.0007900595664978,0.0051976442337036,2.85462451171875,0.0003054326225537,-0.0004581489483825,-0.0007635815418325
1772846267340547000,2.879547119140625,-0.0404977798461914,0.0026094317436218,0.0032891333103179,2.887829345703125,-0.0007635815418325,-0.0004581489483825,-0.0004581489483825
1772846267357170200,2.896170166015625,-0.0456180572509765,0.0043216049671173,0.0017630457878112,2.904479248046875,-0.0004581489483825,0.0001527163112768,0.0
1772846267373787600,2.91278759765625,-0.0364809036254882,0.006847858428955,-0.0042953193187713,2.904479248046875,-0.0004581489483825,0.0001527163112768,0.0
1772846267390403300,2.9294033203125,-0.0351018905639648,0.0008502602577209,-6.22570514678e-05,2.92109716796875,-0.0004581489483825,-0.0004581489483825,0.0003054326225537
1772846267407027700,2.94602783203125,-0.0407438278198242,-0.0030639171600341,-0.0034711062908172,2.954334716796875,0.0001527163112768,-0.0004581489483825,-0.0006108652451075
1772846267423643600,2.9626435546875,-0.0404586791992187,0.0004723966121673,0.0029495060443878,2.970952392578125,0.0003054326225537,-0.0006108652451075,0.0006108652451075
1772846267440260900,2.9792607421875,-0.0404186248779296,0.0038241744041442,0.0039284825325012,2.987558349609375,0.0,-0.0001527163112768,0.0
1772846267456881200,2.995881103515625,-0.040898323059082,-0.0014446377754211,-0.0017669796943664,3.004188232421875,0.0003054326225537,0.0003054326225537,0.0001527163112768
1772846267473494800,3.012494873046875,-0.0357751846313476,-0.003426969051361,-0.0008903443813323,3.004188232421875,0.0003054326225537,0.0003054326225537,0.0001527163112768
1772846267490103800,3.029103759765625,-0.0449094772338867,0.0003957450389862,0.0003400743007659,3.020807373046875,-0.0001527163112768,0.0001527163112768,0.0003054326225537
1772846267506733600,3.045733642578125,-0.044015884399414,-0.0030883252620697,0.000537097454071,3.0374248046875,0.0006108652451075,0.0001527163112768,0.0001527163112768
1772846267523352000,3.06235205078125,-0.0380353927612304,-0.0025702118873596,-0.0017038881778717,3.054044677734375,-0.0006108652451075,0.0003054326225537,0.0009162978967651
1772846267539971600,3.0789716796875,-0.042327880859375,0.000403344631195,0.0020669698715209,3.087264892578125,0.0003054326225537,0.0007635815418325,-0.0003054326225537
1772846267556573700,3.09557373046875,-0.038914680480957,0.0078411698341369,0.0038173198699951,3.087264892578125,0.0003054326225537,0.0007635815418325,-0.0003054326225537
1772846267573195000,3.112195068359375,-0.035475730895996,-0.0027174651622772,-3.66866588592e-05,3.103883056640625,-0.0007635815418325,-0.0007635815418325,0.0007635815418325
1772846267589811700,3.128811767578125,-0.0367450714111328,0.0002998113632202,0.0005273222923278,3.120507080078125,-0.0006108652451075,0.0,0.0006108652451075
1772846267606421500,3.14542138671875,-0.0409975051879882,-0.0003622174263,0.0024007260799407,3.1371220703125,0.0003054326225537,0.0,0.0003054326225537
1772846267623049700,3.1620498046875,-0.0387172698974609,-0.0022399425506591,-0.0020230710506439,3.153740966796875,0.0,0.0003054326225537,0.0001527163112768
1772846267639668200,3.178668212890625,-0.0383682250976562,0.000501811504364,-0.0009010732173919,3.170358642578125,0.0001527163112768,-0.0001527163112768,-0.0001527163112768
1772846267656301800,3.1953017578125,-0.0470876693725585,-0.0020178854465484,-0.0036461949348449,3.203610107421875,-0.0003054326225537,0.0010690141934901,0.0001527163112768
1772846267672915000,3.2119150390625,-0.0414247512817382,0.0051357448101043,1.5497207641e-06,3.203610107421875,-0.0003054326225537,0.0010690141934901,0.0001527163112768
1772846267689539600,3.22853955078125,-0.0387887954711914,0.001476764678955,0.0010050535202026,3.2368447265625,0.0003054326225537,-0.0001527163112768,0.0003054326225537
1772846267706148600,3.245148681640625,-0.0395240783691406,-0.0030740797519683,0.0034620761871337,3.2368447265625,0.0003054326225537,-0.0001527163112768,0.0003054326225537
1772846267722790700,3.261790771484375,-0.0384941101074218,0.0044025480747222,0.0039319694042205,3.270082275390625,-0.0001527163112768,0.0003054326225537,0.0001527163112768
1772846267739391200,3.27839111328125,-0.0354137420654296,0.0014190375804901,0.0058208405971527,3.270082275390625,-0.0001527163112768,0.0003054326225537,0.0001527163112768
1772846267756009500,3.295009521484375,-0.0355958938598632,-0.0001554489135742,0.0003023147583007,3.286700439453125,0.0003054326225537,0.0003054326225537,-0.0004581489483825
1772846267772625200,3.311625244140625,-0.0419569015502929,0.0007958710193634,-0.0005352795124053,3.3033193359375,0.0001527163112768,0.0,-0.0007635815418325
1772846267789244700,3.32824462890625,-0.0388593673706054,-0.0060908198356628,-0.0017953217029571,3.319937744140625,0.0,-0.0004581489483825,0.0003054326225537
1772846267805862100,3.344862060546875,-0.0354719161987304,0.0008497834205627,0.0002921819686889,3.3531689453125,0.0003054326225537,-0.0007635815418325,-0.0004581489483825
1772846267822456800,3.361456787109375,-0.0338211059570312,-0.0067885816097259,-0.0005750656127929,3.3531689453125,0.0003054326225537,-0.0007635815418325,-0.0004581489483825
1772846267839087600,3.378087646484375,-0.0347089767456054,-0.0020988583564758,-0.0048010647296905,3.36977978515625,0.0003054326225537,-0.0007635815418325,0.0001527163112768
1772846267855712500,3.39471240234375,-0.0348415374755859,-0.0101449787616729,0.0004657804965972,3.40300244140625,0.0,0.0010690141934901,0.0003054326225537
1772846267872318000,3.41131787109375,-0.0442800521850585,0.0002905130386352,0.0007543563842773,3.40300244140625,0.0,0.0010690141934901,0.0003054326225537
1772846267888943400,3.427943359375,-0.04278564453125,0.0065353214740753,0.0007760524749755,3.419636962890625,0.0001527163112768,0.0004581489483825,0.0003054326225537
1772846267905548800,3.444548828125,-0.0425653457641601,0.0033307969570159,-0.002245157957077,3.436252685546875,0.0,-0.0006108652451075,0.0006108652451075
1772846267922177500,3.461177490234375,-0.0378217697143554,0.0045992732048034,0.0031535029411315,3.452869140625,0.0004581489483825,0.0,0.0006108652451075
1772846267938798600,3.477798583984375,-0.0341768264770507,0.0012311339378356,0.0011415481567382,3.486108154296875,0.0003054326225537,0.0006108652451075,0.0
1772846267955416800,3.494416748046875,-0.035902976989746,-0.0040788054466247,-0.0032374262809753,3.486108154296875,0.0003054326225537,0.0006108652451075,0.0
1772846267972036400,3.511036376953125,-0.0350265502929687,-0.0037675201892852,-0.0061730146408081,3.51933251953125,0.0003054326225537,-0.0009162978967651,-0.0006108652451075
1772846267988652000,3.527652099609375,-0.0396089553833007,-0.001870185136795,0.0042727291584014,3.5359619140625,-0.0003054326225537,0.0007635815418325,0.0001527163112768
1772846268005271600,3.544271484375,-0.03851318359375,0.0008009672164916,0.0023963749408721,3.5359619140625,-0.0003054326225537,0.0007635815418325,0.0001527163112768
1772846268021900000,3.560900146484375,-0.0394859313964843,0.0045762658119201,0.0009559094905853,3.552602294921875,-0.0003054326225537,0.0003054326225537,0.0003054326225537
1772846268038519300,3.577519287109375,-0.0432100296020507,0.0010003447532653,-0.0004515051841735,3.58580712890625,0.0004581489483825,0.0,0.0
1772846268055137800,3.5941376953125,-0.043126106262207,0.0004805624485015,-0.0036297440528869,3.60244873046875,0.0003054326225537,0.0001527163112768,-0.0004581489483825
1772846268071761000,3.610760986328125,-0.0401868820190429,-0.0013267397880554,0.0028751492500305,3.619067626953125,0.0,0.0001527163112768,-0.0001527163112768
1772846268088377300,3.62737744140625,-0.0397396087646484,-0.006740778684616,-0.0019408166408538,3.635675537109375,0.0003054326225537,0.0,0.0001527163112768
1772846268104967200,3.64396728515625,-0.0391836166381835,-0.0005778074264526,-0.000891238451004,3.635675537109375,0.0003054326225537,0.0,0.0001527163112768
1772846268121583400,3.660583251953125,-0.0343923568725585,0.0049678087234497,-0.0036567449569702,3.652303466796875,-0.0006108652451075,0.0003054326225537,0.0001527163112768
1772846268138231600,3.6772314453125,-0.0435829162597656,0.0038883388042449,0.0028040409088134,3.668922607421875,-0.0003054326225537,-0.0006108652451075,0.0003054326225537
1772846268154847000,3.693846923828125,-0.0443229675292968,0.0007802844047546,-0.0002172887325286,3.685540771484375,-0.0003054326225537,0.0006108652451075,0.0
1772846268171469800,3.7104697265625,-0.0381011962890625,-0.0066545605659484,0.0021876990795135,3.718778564453125,0.0004581489483825,0.0001527163112768,0.0
1772846268188087600,3.727087646484375,-0.0389432907104492,0.0009954571723937,-0.0003164112567901,3.7353828125,-0.0006108652451075,0.00137444678694,-0.0004581489483825
1772846268204704800,3.743704833984375,-0.0366296768188476,0.0045317709445953,0.0011753737926483,3.752014892578125,0.0003054326225537,0.0001527163112768,0.0001527163112768
1772846268221305000,3.76030517578125,-0.034006118774414,0.0020805895328521,-0.0003517568111419,3.752014892578125,0.0003054326225537,0.0001527163112768,0.0001527163112768
1772846268237941500,3.77694140625,-0.0423793792724609,0.0006345212459564,-0.0039992630481719,3.785240478515625,-0.0003054326225537,-0.0001527163112768,-0.0001527163112768
1772846268254557200,3.79355712890625,-0.0459222793579101,-0.0029912590980529,0.0087044239044189,3.801868408203125,0.0003054326225537,-0.0004581489483825,-0.0004581489483825
1772846268271181300,3.810181396484375,-0.0365457534790039,-0.0059126913547515,0.005963921546936,3.818487548828125,-0.0007635815418325,0.0003054326225537,-0.0007635815418325
1772846268287797000,3.826796875,-0.036910057067871,-0.0021898746490478,0.0033074915409088,3.818487548828125,-0.0007635815418325,0.0003054326225537,-0.0007635815418325
1772846268304393500,3.8433935546875,-0.0351743698120117,-0.0038064718246459,-0.001114398241043,3.8351083984375,0.0003054326225537,0.0001527163112768,-0.0009162978967651
1772846268321020400,3.8600205078125,-0.0466041564941406,0.0030210018157958,0.0011782348155975,3.851725830078125,-0.0004581489483825,0.0001527163112768,-0.0006108652451075
1772846268337652000,3.87665185546875,-0.0395631790161132,0.0018216371536254,0.0055164694786071,3.8849609375,0.0003054326225537,-0.0006108652451075,-0.0003054326225537
1772846268354271700,3.893271728515625,-0.02972412109375,0.0056928992271423,0.0026513636112213,3.9015771484375,0.0,-0.00137444678694,0.0003054326225537
1772846268370886700,3.90988671875,-0.0363597869873046,-0.0013948380947113,-6.83367252349e-05,3.9015771484375,0.0,-0.00137444678694,0.0003054326225537
1772846268387507200,3.926507080078125,-0.0391483306884765,-0.0012648701667785,-0.0045382976531982,3.934799072265625,-0.0006108652451075,-0.0004581489483825,0.0001527163112768
1772846268404108500,3.943108642578125,-0.0384368896484375,-0.0024769008159637,0.0005762577056884,3.934799072265625,-0.0006108652451075,-0.0004581489483825,0.0001527163112768
1772846268420730000,3.959730224609375,-0.0371875762939453,0.0009821355342864,0.0089163482189178,3.9680380859375,0.0,0.0003054326225537,-0.0006108652451075
1772846268437348900,3.976348876953125,-0.0417079925537109,-0.0043374001979827,-0.0031059980392456,3.98465869140625,-0.0003054326225537,0.0003054326225537,0.0
1772846268453967000,3.992967041015625,-0.0376796722412109,-0.0032956898212432,-0.0008737444877624,3.98465869140625,-0.0003054326225537,0.0003054326225537,0.0
1772846268470585000,4.009585205078125,-0.0352821350097656,0.0071489214897155,-0.0033097565174102,4.001275634765625,0.0004581489483825,0.0009162978967651,0.0001527163112768
1772846268487203300,4.026203369140625,-0.037841796875,-0.001154214143753,0.0033246278762817,4.01789453125,-0.0004581489483825,0.0007635815418325,0.0
1772846268503825400,4.042825439453125,-0.0312356948852539,0.0005172193050384,0.0016423761844635,4.0345126953125,0.0003054326225537,0.0012217304902151,-0.0004581489483825
1772846268520445000,4.05944482421875,-0.0325117111206054,0.0007773637771606,-0.0038480460643768,4.0511484375,0.0004581489483825,0.0004581489483825,0.0003054326225537
1772846268537071600,4.076071533203125,-0.0403423309326171,0.0007709562778472,0.0045234858989715,4.06776220703125,0.0003054326225537,-0.0004581489483825,-0.0004581489483825
1772846268553685800,4.092685791015625,-0.0374679565429687,0.0025645792484283,0.0005486011505126,4.08438134765625,0.0007635815418325,-0.0006108652451075,-0.0007635815418325
1772846268570312000,4.10931201171875,-0.0428791046142578,-0.0017649233341217,0.0028716623783111,4.117618408203125,0.0003054326225537,0.0,-0.0001527163112768
1772846268586926600,4.125926513671875,-0.0430469512939453,-0.0035129785537719,0.0002977550029754,4.117618408203125,0.0003054326225537,0.0,-0.0001527163112768
1772846268603532000,4.142531982421875,-0.037872314453125,0.0014662742614746,-0.0030632615089416,4.1342353515625,0.0004581489483825,-0.0007635815418325,-0.0001527163112768
1772846268620155000,4.15915478515625,-0.0353012084960937,-0.0057958960533142,0.0074682235717773,4.150855224609375,0.0004581489483825,-0.0004581489483825,-0.0003054326225537
1772846268636782000,4.175781982421875,-0.0366973876953125,0.0030508637428283,-0.0019841492176055,4.184078857421875,-0.0006108652451075,0.0012217304902151,-0.0004581489483825
1772846268653397500,4.1923974609375,-0.0391807556152343,0.0026004016399383,-0.0033150613307952,4.200708251953125,-0.0003054326225537,0.0004581489483825,-0.0001527163112768
1772846268670018800,4.209018798828125,-0.0354890823364257,-0.002603143453598,0.0013200938701629,4.21732568359375,-0.0004581489483825,0.0004581489483825,-0.0001527163112768
1772846268686640400,4.225640380859375,-0.0349311828613281,0.003541350364685,0.0060962736606597,4.2339453125,-0.0004581489483825,0.0006108652451075,0.0003054326225537
1772846268703242200,4.2422421875,-0.0395574569702148,0.0015112459659576,0.0021447241306304,4.2339453125,-0.0004581489483825,0.0006108652451075,0.0003054326225537
1772846268719860700,4.25886083984375,-0.0373382568359375,-0.0041242241859436,-0.0014351904392242,4.2505654296875,0.0003054326225537,0.0,0.0006108652451075
1772846268736491800,4.27549169921875,-0.0293645858764648,0.0003011524677276,0.00278240442276,4.26718212890625,-0.0007635815418325,0.0004581489483825,-0.0007635815418325
1772846268753106200,4.292106201171875,-0.0340070724487304,-0.0019035935401916,0.0033574998378753,4.283805908203125,0.0003054326225537,0.0006108652451075,0.0
1772846268769731300,4.3087314453125,-0.0376348495483398,-0.0045081079006195,-0.0002215206623077,4.31703515625,0.0004581489483825,-0.0006108652451075,-0.0004581489483825
1772846268786347300,4.32534716796875,-0.035262107849121,-0.0019707977771759,0.0027694404125213,4.31703515625,0.0004581489483825,-0.0006108652451075,-0.0004581489483825
1772846268802982000,4.34198193359375,-0.0389604568481445,-0.0033589005470275,0.004454493522644,4.350273193359375,0.0003054326225537,0.0,-0.0009162978967651
1772846268819573000,4.358572998046875,-0.041304588317871,0.0005982220172882,0.0046849250793457,4.350273193359375,0.0003054326225537,0.0,-0.0009162978967651
1772846268836201700,4.37520166015625,-0.0375947952270507,0.0013327598571777,0.0035782754421234,4.383498779296875,0.0004581489483825,-0.0001527163112768,0.0001527163112768
1772846268852815000,4.391815185546875,-0.0352468490600585,-0.0037664175033569,-0.0035709142684936,4.40012841796875,-0.0003054326225537,-0.0004581489483825,0.0001527163112768
1772846268869439700,4.408439697265625,-0.0337533950805664,0.0065071284770965,-0.0035157799720764,4.41674853515625,0.0003054326225537,-0.0007635815418325,-0.0001527163112768
1772846268886041000,4.425041015625,-0.0375909805297851,-0.0017863810062408,0.0004490911960601,4.41674853515625,0.0003054326225537,-0.0007635815418325,-0.0001527163112768
1772846268902656800,4.44165673828125,-0.0363874435424804,-0.00313600897789,-0.0029972791671752,4.433349365234375,-0.0004581489483825,-0.0006108652451075,0.0001527163112768
1772846268919280600,4.45828076171875,-0.0368547439575195,-0.0021803677082061,-0.0035653412342071,4.44997216796875,0.0003054326225537,0.0003054326225537,0.0003054326225537
1772846268935898600,4.474898681640625,-0.0369243621826171,-0.0031123757362365,-0.0036920309066772,4.46658935546875,-0.0003054326225537,-0.0001527163112768,-0.0001527163112768
1772846268952514800,4.491514892578125,-0.032872200012207,0.0037233829498291,-0.0036511719226837,4.4832080078125,0.0001527163112768,0.0001527163112768,-0.0001527163112768
1772846268969138200,4.50813818359375,-0.0333967208862304,0.0018401741981506,-0.0036527514457702,4.51644482421875,0.0003054326225537,0.0003054326225537,-0.0004581489483825
1772846268985751800,4.524751708984375,-0.0346126556396484,0.0004721283912658,-0.0030015408992767,4.51644482421875,0.0003054326225537,0.0003054326225537,-0.0004581489483825
1772846269002388700,4.541388671875,-0.0359344482421875,0.0025340020656585,0.0022899508476257,4.54970068359375,0.0004581489483825,0.0,-0.0004581489483825
1772846269019003400,4.55800341796875,-0.0309333801269531,-0.0023421049118041,0.0042683482170104,4.54970068359375,0.0004581489483825,0.0,-0.0004581489483825
1772846269035622400,4.574622314453125,-0.0308256149291992,-0.0019352138042449,0.0034167170524597,4.582931884765625,0.0001527163112768,-0.0006108652451075,-0.0001527163112768
1772846269052240400,4.591240478515625,-0.0330867767333984,0.0010056495666503,0.0014963448047637,4.582931884765625,0.0001527163112768,-0.0006108652451075,-0.0001527163112768
1772846269068856600,4.607856689453125,-0.040410041809082,-0.000269740819931,0.0030336678028106,4.599548828125,0.0001527163112768,0.0003054326225537,-0.0003054326225537
1772846269085477400,4.624477294921875,-0.0426568984985351,0.0024071037769317,0.0062212944030761,4.63276123046875,0.0004581489483825,0.0010690141934901,0.0003054326225537
1772846269102095600,4.641095703125,-0.0389318466186523,0.0039587020874023,0.0049995481967926,4.64940478515625,0.0003054326225537,0.0006108652451075,0.0001527163112768
1772846269118713300,4.65771337890625,-0.0354423522949218,-0.0039161443710327,0.0048898160457611,4.64940478515625,0.0003054326225537,0.0006108652451075,0.0001527163112768
1772846269135330300,4.674330322265625,-0.0389728546142578,0.0007453858852386,0.0060839653015136,4.666022216796875,0.0,0.0003054326225537,0.0001527163112768
1772846269151950600,4.69095068359375,-0.0372343063354492,0.0025911033153533,-0.0007860660552978,4.68264208984375,0.0004581489483825,-0.0004581489483825,0.0
1772846269168568800,4.70756884765625,-0.0340442657470703,0.0017373859882354,0.0018485784530639,4.699262939453125,0.0003054326225537,0.0001527163112768,0.0003054326225537
1772846269185186600,4.7241865234375,-0.0434751510620117,0.0004760026931762,0.0014803409576416,4.732482421875,-0.0003054326225537,-0.0001527163112768,0.0003054326225537
1772846269201806300,4.740806396484375,-0.0379180908203125,0.0013294517993927,0.0002976357936859,4.749114501953125,-0.0007635815418325,0.0,0.0003054326225537
1772846269218423300,4.75742333984375,-0.0359392166137695,0.0002959370613098,0.0001626312732696,4.749114501953125,-0.0007635815418325,0.0,0.0003054326225537
1772846269235042000,4.7740419921875,-0.0401868820190429,-0.0027677118778228,-0.0056558549404144,4.76573291015625,0.0003054326225537,0.0003054326225537,0.0
1772846269251654400,4.790654296875,-0.0333566665649414,-0.0032697021961212,-0.0017850399017333,4.782352294921875,-0.0003054326225537,0.0003054326225537,0.0003054326225537
1772846269268282400,4.807282470703125,-0.0398015975952148,-0.0045118331909179,0.0038831830024719,4.815588134765625,-0.0004581489483825,0.0001527163112768,-0.0004581489483825
1772846269284900000,4.823900146484375,-0.0402860641479492,0.0016490519046783,0.0007397234439849,4.8321923828125,-0.0004581489483825,-0.0004581489483825,0.0
1772846269301515500,4.840515625,-0.0385732650756835,0.0014500021934509,0.0031221807003021,4.8488251953125,-0.0007635815418325,-0.0003054326225537,-0.0004581489483825
1772846269318131500,4.85713134765625,-0.0353899002075195,0.0014275312423706,0.0035295486450195,4.8488251953125,-0.0007635815418325,-0.0003054326225537,-0.0004581489483825
1772846269334749200,4.873749267578125,-0.0326337814331054,0.0014252066612243,0.0035788714885711,4.865441162109375,0.0003054326225537,-0.0007635815418325,0.0
1772846269351370500,4.89037060546875,-0.0344905853271484,0.0003458559513092,-0.002311885356903,4.88206201171875,0.0001527163112768,0.0003054326225537,-0.0004581489483825
1772846269367976000,4.906975830078125,-0.0377016067504882,-0.0028889775276184,-0.0032419264316558,4.89868310546875,0.0003054326225537,0.0001527163112768,0.0009162978967651
1772846269384593400,4.923593505859375,-0.0411081314086914,0.0007608532905578,0.0006816089153289,4.91528759765625,0.0001527163112768,0.0001527163112768,0.0004581489483825
1772846269401212700,4.940212646484375,-0.0416259765625,-0.0017594695091247,0.0054263770580291,4.948521484375,0.0004581489483825,0.0010690141934901,-0.0001527163112768
1772846269417830400,4.956830322265625,-0.0376415252685546,-0.00151127576828,0.0050827264785766,4.948521484375,0.0004581489483825,0.0010690141934901,-0.0001527163112768
1772846269434446000,4.973446044921875,-0.0410985946655273,-0.002105176448822,0.005055546760559,4.965139892578125,0.0001527163112768,0.0003054326225537,-0.0006108652451075
1772846269451067000,4.99006689453125,-0.0416231155395507,0.0007374584674835,0.0027108490467071,4.99835986328125,0.0003054326225537,-0.0001527163112768,-0.0006108652451075
1772846269467687000,5.00668701171875,-0.037637710571289,0.0041396021842956,0.0046805143356323,5.01499462890625,0.0004581489483825,0.0006108652451075,0.0004581489483825
1772846269484303600,5.0233037109375,-0.0393104553222656,0.0039495527744293,0.0009557902812957,5.01499462890625,0.0004581489483825,0.0006108652451075,0.0004581489483825
1772846269500938800,5.039938720703125,-0.0413494110107421,0.0005209445953369,-0.0054618418216705,5.048241455078125,-0.0004581489483825,-0.0012217304902151,-0.0007635815418325
1772846269517553400,5.056553466796875,-0.0369472503662109,0.00124192237854,-0.0035612285137176,5.06486328125,0.0,0.0001527163112768,-0.0009162978967651
1772846269534171100,5.073171142578125,-0.0299339294433593,-0.0025175809860229,0.0015829205513,5.06486328125,0.0,0.0001527163112768,-0.0009162978967651
1772846269550790000,5.089789794921875,-0.034071922302246,-0.0001893937587738,0.0017309188842773,5.098095703125,0.0,0.0001527163112768,0.0
1772846269567410000,5.106409912109375,-0.032423973083496,0.0013029873371124,0.0006001889705657,5.114717529296875,-0.0004581489483825,-0.0001527163112768,0.0
1772846269584025300,5.123025390625,-0.0355825424194335,0.0097917020320892,-0.0007156431674957,5.13132275390625,0.0003054326225537,0.0003054326225537,0.0004581489483825
1772846269600645400,5.139645263671875,-0.0367097854614257,0.0069878697395324,0.0031841695308685,5.14795458984375,0.0001527163112768,-0.0004581489483825,0.0003054326225537
1772846269617264000,5.15626416015625,-0.0310316085815429,0.0025043189525604,0.0019702017307281,5.16457275390625,0.0001527163112768,0.0,-0.0009162978967651
1772846269633881600,5.172881591796875,-0.036020278930664,-0.0010411143302917,0.0006413757801055,5.181190185546875,0.0003054326225537,0.0,0.0
1772846269650500600,5.18950048828125,-0.0384044647216796,0.006042867898941,0.000334620475769,5.19780908203125,-0.0004581489483825,0.0003054326225537,0.0003054326225537
1772846269667118800,5.206118896484375,-0.0382719039916992,0.0012727975845336,-0.0036114454269409,5.214427490234375,-0.0006108652451075,-0.0004581489483825,0.0001527163112768
1772846269683737000,5.222737060546875,-0.0371150970458984,-0.0012286007404327,-0.0001771450042724,5.231032470703125,0.0003054326225537,-0.0004581489483825,-0.0006108652451075
1772846269700354800,5.239354736328125,-0.0398626327514648,-0.0033352077007293,0.0003364980220794,5.2476630859375,0.0003054326225537,-0.0009162978967651,0.0001527163112768
1772846269716974000,5.25597412109375,-0.042555809020996,-0.0019166767597198,-0.0036978721618652,5.264282958984375,0.0003054326225537,0.0,0.0003054326225537
1772846269733587200,5.272587158203125,-0.0377664566040039,-0.0028227567672729,0.0008390247821807,5.264282958984375,0.0003054326225537,0.0,0.0003054326225537
1772846269750216400,5.289216552734375,-0.0428848266601562,6.68764114379e-05,-0.0065341889858245,5.297506103515625,0.0003054326225537,0.0003054326225537,-0.0006108652451075
1772846269766827300,5.3058271484375,-0.0348901748657226,-0.0013417601585388,0.0021907985210418,5.314136474609375,0.0010690141934901,-0.0006108652451075,-0.0001527163112768
1772846269783444500,5.322444580078125,-0.0354681015014648,0.0042951703071594,-0.0023793876171112,5.33072509765625,-0.0004581489483825,-0.0009162978967651,0.0001527163112768
1772846269800068400,5.339068359375,-0.0396242141723632,0.0050975680351257,0.0026216804981231,5.347374267578125,0.0003054326225537,-0.0003054326225537,-0.0001527163112768
1772846269816680700,5.3556806640625,-0.0366792678833007,0.0064073204994201,-0.0013621151447296,5.347374267578125,0.0003054326225537,-0.0003054326225537,-0.0001527163112768
1772846269833302500,5.372302490234375,-0.0368814468383789,0.0025887191295623,-0.0030969977378845,5.380611572265625,0.0001527163112768,0.0001527163112768,0.0003054326225537
1772846269849920500,5.38892041015625,-0.0409755706787109,-0.0049694776535034,0.0035639405250549,5.397216552734375,0.0003054326225537,-0.0001527163112768,0.0009162978967651
1772846269866522400,5.4055224609375,-0.0346126556396484,0.0055265426635742,0.0045165717601776,5.397216552734375,0.0003054326225537,-0.0001527163112768,0.0009162978967651
1772846269883143400,5.422143310546875,-0.0347843170166015,0.0064172148704528,-0.0022187232971191,5.43044677734375,-0.0007635815418325,0.0007635815418325,-0.0004581489483825
1772846269899761000,5.438760986328125,-0.0395212173461914,0.0036888718605041,0.0007965266704559,5.447071533203125,-0.0007635815418325,0.0001527163112768,-0.0001527163112768
1772846269916380200,5.455380126953125,-0.0425148010253906,0.002184510231018,-0.0029107630252838,5.447071533203125,-0.0007635815418325,0.0001527163112768,-0.0001527163112768
1772846269932998700,5.47199853515625,-0.0348472595214843,0.0007643997669219,-0.0046422183513641,5.463689208984375,0.0003054326225537,-0.0003054326225537,-0.0004581489483825
1772846269949617200,5.4886171875,-0.0359621047973632,0.0016984939575195,0.0020755231380462,5.480314208984375,0.0,0.0001527163112768,0.0003054326225537
1772846269966235400,5.5052353515625,-0.0367774963378906,0.0018403232097625,-0.0009231865406036,5.513544921875,-0.0006108652451075,-0.0001527163112768,0.0003054326225537
1772846269982854000,5.52185400390625,-0.0321941375732421,-0.0011030435562133,0.0014782547950744,5.513544921875,-0.0006108652451075,-0.0001527163112768,0.0003054326225537
1772846269999488300,5.53848828125,-0.0355596542358398,0.0014332830905914,0.0011926889419555,5.546795166015625,0.0003054326225537,0.0004581489483825,0.0001527163112768
1772846270016102700,5.5551025390625,-0.0419139862060546,0.0047296285629272,0.0001556575298309,5.546795166015625,0.0003054326225537,0.0004581489483825,0.0001527163112768
1772846270032721000,5.571720947265625,-0.0428714752197265,-0.0006119310855865,6.85453414916e-05,5.563411865234375,-0.0004581489483825,0.0006108652451075,-0.0009162978967651
1772846270049340000,5.58833984375,-0.033757209777832,0.0044730305671691,0.0029533803462982,5.58003173828125,0.0003054326225537,0.0003054326225537,-0.0006108652451075
1772846270065959000,5.604958984375,-0.0375747680664062,-0.0016898810863494,0.0015926361083984,5.613267578125,-0.0001527163112768,-0.0001527163112768,0.0001527163112768
1772846270082576100,5.621576171875,-0.0352334976196289,0.0025192201137542,0.00132817029953,5.613267578125,-0.0001527163112768,-0.0001527163112768,0.0001527163112768
1772846270099195400,5.6381953125,-0.0326061248779296,0.0020279288291931,5.17666339874e-05,5.629900634765625,0.0,-0.0009162978967651,0.0003054326225537
1772846270115812400,5.654812255859375,-0.036269187927246,-0.0009648203849792,-0.0019151866436004,5.64650537109375,0.0003054326225537,0.0001527163112768,0.0
1772846270132433000,5.671432861328125,-0.036818504333496,0.0016082525253295,-0.00038343667984,5.67974072265625,-0.0004581489483825,0.0,0.0001527163112768
1772846270149048000,5.688048095703125,-0.0310544967651367,-0.0008836090564727,-0.0031364262104034,5.67974072265625,-0.0004581489483825,0.0,0.0001527163112768
1772846270165669400,5.70466943359375,-0.0400905609130859,0.00571209192276,-0.0017133057117462,5.696362548828125,0.0003054326225537,0.0001527163112768,0.0001527163112768
1772846270182286000,5.7212861328125,-0.035614013671875,0.002700001001358,-0.0016593933105468,5.712977783203125,-0.0001527163112768,-0.0003054326225537,0.0001527163112768
1772846270198905300,5.7379052734375,-0.0355854034423828,0.0033241510391235,0.0018226504325866,5.729601806640625,0.0003054326225537,0.0,0.0001527163112768
1772846270215515400,5.754515380859375,-0.0396451950073242,0.0005072653293609,-3.85642051696e-05,5.74621484375,0.0,-0.0007635815418325,0.0
1772846270232149200,5.771149169921875,-0.0373363494873046,0.0070089399814605,0.0008735060691833,5.779450927734375,0.0001527163112768,0.0003054326225537,0.0
1772846270248760000,5.787760009765625,-0.0369844436645507,0.0028032660484313,0.0010947585105895,5.796068603515625,0.0001527163112768,0.0003054326225537,0.0003054326225537
1772846270265378800,5.80437890625,-0.043914794921875,0.0009825825691223,7.0184469223e-05,5.812671630859375,0.0003054326225537,-0.0004581489483825,0.0
1772846270281994200,5.820994140625,-0.0391187667846679,0.0047717988491058,0.0038495957851409,5.829306396484375,0.0003054326225537,0.0003054326225537,0.0003054326225537
1772846270298615300,5.837615234375,-0.0361156463623046,0.0012878477573394,0.0045215785503387,5.829306396484375,0.0003054326225537,0.0003054326225537,0.0003054326225537
1772846270315233300,5.8542333984375,-0.0356645584106445,0.0028849244117736,0.001726359128952,5.862529052734375,-0.0004581489483825,0.0003054326225537,0.0001527163112768
1772846270331851500,5.8708515625,-0.0407981872558593,0.0007810890674591,0.0030689239501953,5.879160400390625,-0.0007635815418325,0.0001527163112768,0.0004581489483825
1772846270348468000,5.887468017578125,-0.0386505126953125,-0.0019463598728179,-0.0014446675777435,5.895762451171875,0.0001527163112768,-0.0001527163112768,-0.0001527163112768
1772846270365072100,5.904072021484375,-0.0342626571655273,-0.0028396844863891,-0.0014317631721496,5.895762451171875,0.0001527163112768,-0.0001527163112768,-0.0001527163112768
1772846270381693200,5.920693115234375,-0.0394487380981445,0.0039585828781127,-0.0026271045207977,5.9290009765625,0.0003054326225537,0.0004581489483825,0.0003054326225537
1772846270398311700,5.937311767578125,-0.0373077392578125,-0.0008954405784606,0.0024857819080352,5.94562109375,0.0,0.0006108652451075,-0.0004581489483825
1772846270414927600,5.953927734375,-0.0392560958862304,0.0024396181106567,-0.000722587108612,5.94562109375,0.0,0.0006108652451075,-0.0004581489483825
1772846270431550700,5.97055078125,-0.0343542098999023,0.0028948187828063,-0.0012280344963073,5.97885791015625,0.0003054326225537,-0.0007635815418325,-0.0004581489483825
1772846270448166700,5.987166748046875,-0.033614158630371,0.0029715597629547,0.0038302242755889,5.99547509765625,0.0006108652451075,0.0,0.0006108652451075
1772846270464784400,6.003784423828125,-0.0335044860839843,-0.0011731088161468,0.0005372762680053,5.99547509765625,0.0006108652451075,0.0,0.0006108652451075
1772846270481407000,6.020406982421875,-0.036412239074707,0.0028741657733917,0.0052721500396728,6.0287001953125,0.0,0.0019853119738399,-0.0004581489483825
1772846270498034400,6.037034423828125,-0.0350589752197265,0.0057672560214996,0.003938615322113,6.045344482421875,-0.0009162978967651,0.0010690141934901,0.0010690141934901
1772846270514650000,6.053650146484375,-0.0355033874511718,-0.0008210241794586,0.0026495158672332,6.045344482421875,-0.0009162978967651,0.0010690141934901,0.0010690141934901
1772846270531274500,6.0702744140625,-0.0396318435668945,0.0040369033813476,-0.0004911422729492,6.078548095703125,-0.0001527163112768,0.0001527163112768,0.0009162978967651
1772846270547890200,6.08689013671875,-0.033273696899414,0.0017496347427368,0.0001655220985412,6.095207275390625,0.0003054326225537,-0.0003054326225537,0.0003054326225537
1772846270564508200,6.103508056640625,-0.0316677093505859,0.0013703107833862,-0.0010259449481964,6.1118046875,-0.0004581489483825,0.0004581489483825,-0.0004581489483825
1772846270581126000,6.1201259765625,-0.0361347198486328,-0.0015951097011566,-0.0029723346233367,6.128427734375,0.0003054326225537,0.0001527163112768,0.0
1772846270597742800,6.136742919921875,-0.0298213958740234,-0.0009019076824188,0.0049400925636291,6.14504833984375,0.0010690141934901,-0.0004581489483825,-0.0003054326225537
1772846270614364400,6.153364501953125,-0.0311403274536132,0.0010391473770141,-0.0020001530647277,6.161671630859375,0.0,0.0001527163112768,-0.0001527163112768
1772846270630980000,6.16997998046875,-0.033125877380371,-0.0026740133762359,-0.0012707114219665,6.161671630859375,0.0,0.0001527163112768,-0.0001527163112768
1772846270647599900,6.186599853515625,-0.036351203918457,-0.0032829046249389,-0.0029485523700714,6.17829052734375,0.0,0.0001527163112768,0.0004581489483825
1772846270664217300,6.20321728515625,-0.0350542068481445,0.0025282502174377,-0.0033021569252014,6.19490966796875,0.0003054326225537,-0.0009162978967651,0.0001527163112768
1772846270680836600,6.219836669921875,-0.030801773071289,0.001415878534317,-0.0015580654144287,6.228144775390625,-0.0001527163112768,0.0,-0.0003054326225537
1772846270697455000,6.236455078125,-0.0382795333862304,-0.0016373991966247,-0.0001142024993896,6.24476416015625,0.0001527163112768,-0.0007635815418325,-0.0004581489483825
1772846270714068500,6.253068359375,-0.0364875793457031,-0.0049614608287811,0.0011765360832214,6.24476416015625,0.0001527163112768,-0.0007635815418325,-0.0004581489483825
1772846270730693400,6.269693359375,-0.0321550369262695,-0.0008057355880737,0.0020674467086791,6.278,-0.0006108652451075,0.0,0.0004581489483825
1772846270747309000,6.28630908203125,-0.0321502685546875,0.0010205209255218,0.0054905116558074,6.278,-0.0006108652451075,0.0,0.0004581489483825
1772846270763927600,6.302927490234375,-0.0362119674682617,-0.0038970410823822,-0.0050691962242126,6.294637451171875,-0.0004581489483825,-0.0001527163112768,0.0001527163112768
1772846270780546000,6.319546142578125,-0.0379629135131835,-0.0023576319217681,-0.0007683634757995,6.32785205078125,0.0007635815418325,0.0003054326225537,0.0007635815418325
1772846270797165300,6.336165283203125,-0.0422849655151367,0.0008508265018463,0.0017026662826538,6.344474853515625,0.0,0.0003054326225537,-0.00137444678694
1772846270813775400,6.352775390625,-0.0388746261596679,0.0026160776615142,0.0031938552856445,6.3610751953125,-0.0004581489483825,-0.0012217304902151,0.0006108652451075
1772846270830391800,6.369391845703125,-0.0372247695922851,0.0016756951808929,0.006325215101242,6.377697509765625,0.0003054326225537,-0.0001527163112768,0.0003054326225537
1772846270847006500,6.38600634765625,-0.0358352661132812,0.0015420019626617,0.0009949207305908,6.394314453125,0.0003054326225537,0.0,0.0004581489483825
1772846270863624400,6.40262451171875,-0.0396890640258789,0.0055290460586547,0.0013092160224914,6.394314453125,0.0003054326225537,0.0,0.0004581489483825
1772846270880242700,6.41924267578125,-0.0384883880615234,0.003216415643692,-0.0010221600532531,6.4109345703125,-0.0004581489483825,0.0,-0.0001527163112768
1772846270896861200,6.435861083984375,-0.0371675491333007,0.0064366161823272,-0.0001823008060455,6.4275517578125,-0.0004581489483825,0.0001527163112768,-0.0004581489483825
1772846270913474800,6.452474853515625,-0.0433053970336914,0.0022172629833221,-0.001255065202713,6.444171142578125,0.0001527163112768,-0.0001527163112768,0.0003054326225537
1772846270930102300,6.469102294921875,-0.0302667617797851,0.0055848658084869,-0.0032473802566528,6.4774072265625,-0.0006108652451075,-0.0009162978967651,-0.0001527163112768
1772846270946716000,6.4857158203125,-0.0370693206787109,-0.0009727180004119,-0.0018099546432495,6.4940146484375,0.0003054326225537,0.0001527163112768,0.0006108652451075
1772846270963314400,6.502314453125,-0.0392417907714843,0.000780165195465,0.00067999958992,6.4940146484375,0.0003054326225537,0.0001527163112768,0.0006108652451075
1772846270979968500,6.518968505859375,-0.0343666076660156,0.0010269582271575,6.36875629425e-05,6.527271728515625,0.0,-0.0004581489483825,0.0003054326225537
1772846270996585000,6.5355849609375,-0.0324945449829101,0.0010287165641784,0.0010734796524047,6.543898193359375,-0.0006108652451075,0.0003054326225537,0.0003054326225537
1772846271013196500,6.552196533203125,-0.0374097824096679,0.0056915283203125,0.0012674033641815,6.543898193359375,-0.0006108652451075,0.0003054326225537,0.0003054326225537
1772846271029826600,6.56882666015625,-0.0288934707641601,0.0016983747482299,0.00014328956604,6.577130126953125,-0.0006108652451075,0.0001527163112768,0.0006108652451075
1772846271046439000,6.58543896484375,-0.0321531295776367,-3.62694263458e-05,-0.0011205375194549,6.593735107421875,-0.0009162978967651,0.0007635815418325,-0.0001527163112768
1772846271063057400,6.602057373046875,-0.0355739593505859,0.0025785267353057,-0.0020243525505065,6.610353271484375,-0.0004581489483825,0.0001527163112768,0.0010690141934901
1772846271079676200,6.61867626953125,-0.0087032318115234,-0.0067070424556732,-0.0133902728557586,6.62698193359375,0.0003054326225537,-0.0256563406437635,0.0143553335219621
1772846271096278000,6.635278076171875,-0.0444450378417968,0.002752274274826,-0.0017003417015075,6.62698193359375,0.0003054326225537,-0.0256563406437635,0.0143553335219621
1772846271112898800,6.65189892578125,-0.0368461608886718,-0.0015613436698913,-0.0066641569137573,6.64359326171875,0.0003054326225537,-0.022754730656743,0.0117591563612222
1772846271129517600,6.668517578125,-0.0702905654907226,0.0083391070365905,0.0155500471591949,6.67682275390625,-0.0007635815418325,0.0235183127224445,-0.0122173046693205
1772846271146140000,6.685139892578125,-0.0548286437988281,0.007118821144104,0.0103462934494018,6.67682275390625,-0.0007635815418325,0.0235183127224445,-0.0122173046693205
1772846271162767400,6.701767333984375,-0.0200452804565429,-0.0068016946315765,0.0010733604431152,6.693466552734375,0.0001527163112768,0.0261144898831844,-0.0142026171088218
1772846271179383300,6.71838330078125,-0.0162057876586914,-0.0031185746192932,-0.0060515105724334,6.710080078125,0.0004581489483825,0.0119118718430399,-0.007177666760981
